insert into PUBLIC.CATEGORIE (ID, CODE, TITLE) VALUES ( 1, 'A', 'Hors limites et limites du parcours' );
insert into PUBLIC.CATEGORIE (ID, CODE, TITLE) VALUES ( 2, 'B', 'Zones à pénalité' );
insert into PUBLIC.CATEGORIE (ID, CODE, TITLE) VALUES ( 3, 'C', 'Bunkers' );
insert into PUBLIC.CATEGORIE (ID, CODE, TITLE) VALUES ( 4, 'D', 'Grenn s' );
insert into PUBLIC.CATEGORIE (ID, CODE, TITLE) VALUES ( 5, 'E', 'Procédures de dégagement	spécifiques	ou obligatoires' );
insert into PUBLIC.CATEGORIE (ID, CODE, TITLE) VALUES ( 6, 'F', 'Conditions anormales du parcours et éléments partie intégrante' );
insert into PUBLIC.CATEGORIE (ID, CODE, TITLE) VALUES ( 7, 'G', 'Restrictions à l’utilisation d’un équipement spécifique' );




insert into PUBLIC.SOUS_CATEGORIE (ID, TITLE,NUMORDRE, OBJET,CATEGORIE_ID) VALUES ( 1, 'Définir les limites',1,'II y a de nombreuses manières par lesquelles un Comité peut définir les limites du parcours et il n’est donc ni nécessaire, ni possible de fournir une liste complète de Règles locales types qui peuvent être utilisées pour cela.Le principal est d’être clair et précis lorsque l’on définit les limites dans les Règles locales.Aucune Règle locale type n’est incluse dans cette section vu la variété d’options possibles, mais certains exemples sont fournis ci-dessous :', 1);
insert into PUBLIC.SOUS_CATEGORIE (ID, TITLE,NUMORDRE, OBJET,CATEGORIE_ID) VALUES ( 2, 'Préciser les limites quand on utilise un mur ou une route',2,'La définition de « hors limites » précise que quand une limite est définie par des éléments tels qu’un mur ou une route, le Comité devrait définir la lisière de la limite. Selon la nature ou la position d’un mur, il peut y avoir de bonnes raisons pour définir la limite comme au-delà du mur ou utiliser la bordure du mur, côté parcours, comme limite.', 1);
insert into PUBLIC.SOUS_CATEGORIE (ID, TITLE,NUMORDRE, OBJET,CATEGORIE_ID) VALUES ( 3, 'Hors limites quand une route publique traverse le parcours',3,'Quand une route publique traverse un parcours, elle est habituellement définie comme hors limites. Ceci peut rendre possible le fait qu’une balle jouée d’un côté de la route vienne reposer dans les limites de l’autre côté de la route, même si la balle serait hors limites si elle reposait sur la route elle-même.Si le Comité pense qu’il est inéquitable ou dangereux de traiter ces situations différemment, il peut adopter une Règle locale disant qu’une balle jouée d’un côté de la route et qui vient reposer de l’autre côté de la route est hors limites.Si une route traverse un trou particulier où les joueurs doivent jouer d’un côté à l’autre dans le cours normal du jeu, le Comité devrait spécifier que cette Règle Locale ne s’applique pas à cette route dans le jeu du trou.', 1);
insert into PUBLIC.SOUS_CATEGORIE (ID, TITLE,NUMORDRE, OBJET,CATEGORIE_ID) VALUES ( 4, 'Hors limites interne',4,'Pour respecter le dessin du parcours ou pour des raisons de sécurité, un Comité peut choisir de spécifier qu’une partie donnée du parcours est hors limites pour le jeu d’un trou spécifique.Ceci est fait pour empêcher les joueurs qui jouent ce trou, de jouer vers et d’une autre partie du parcours. Par exemple, sur un trou en dogleg, un hors limites interne peut être utilisé pour éviter qu’un joueur coupe le dogleg en jouant une balle vers le fairway d’un autre trou.Mais une Règle locale disant qu’une balle est hors limites si elle franchit la limite, même si elle la franchit de nouveau et vient au repos sur la même partie du parcours, n’est pas autorisée.',1);
insert into PUBLIC.SOUS_CATEGORIE (ID, TITLE,NUMORDRE, OBJET,CATEGORIE_ID) VALUES ( 5, 'Piquets identifiant un hors limites',5,'Quand un hors limites est défini par une ligne au sol, un fossé ou d’une autre manière qui pourrait ne pas être visible de loin, le Comité peut placer des piquets le long de la limite pour permettre aux joueurs de voir de loin où se situe la lisière de la limite.Il n’est pas permis de déplacer les éléments de limite et un dégagement gratuit n’est généralement pas autorisé, mais le Comité peut autoriser un dégagement de ces piquets avec la Règle locale type suivante, qui devrait aussi clarifier le statut de ces piquets.Il est recommandé que de tels piquets soient marqués différemment des autres piquets de hors limites du parcours, par exemple, des piquets blancs avec un haut noir peuvent être utilisés pour cet usage.',1);

insert into PUBLIC.SOUS_CATEGORIE (ID, TITLE,NUMORDRE, OBJET,CATEGORIE_ID) VALUES ( 6, 'Définition des zones à pénalité',1,'Il y a de nombreuses manières par lesquelles le Comité peut définir des zones à pénalité sur le parcours et il n’est donc ni nécessaire, ni possible de donner une liste complète de Règles locales types qui peuvent être utilisées à cette fin.Le principal est d’être clair et précis lorsque l’on définit une zone à pénalité dans les Règles Locales.Aucune Règle locale type n’est incluse dans cette section vu la variété d’options possibles, mais certains exemples sont fournis ci-dessous :',2);
insert into PUBLIC.SOUS_CATEGORIE (ID, TITLE,NUMORDRE, OBJET,CATEGORIE_ID) VALUES ( 7, 'Dégagement sur le côté opposé d’une zone à pénalité rouge',2,'La Règle 17.1 donne au joueur l’option de se dégager latéralement ou en arrière sur la ligne, basée sur l’endroit où sa balle a franchi en dernier la lisière d’une zone à pénalité rouge. Mais dans certains cas (par exemple, en fonction de la situation de la zone à pénalité juste à côté de la limite d’un parcours), ces options peuvent ne laisser au joueur aucune autre option raisonnable que de se dégager selon coup et distance.Un Comité peut introduire une Règle locale autorisant le dégagement latéral sur le côté opposé d’une zone à pénalité rouge comme option de dégagement supplémentaire selon la Règle 17.1 d.Quand il envisage une Règle Locale pour permettre un dégagement supplémentaire :•	Le Comité devrait envisager d’introduire la Règle Locale dans les situations où le joueur pourrait être sérieusement désavantagé si elle n’était pas mise en place. Deux exemples :» Lorsqu’une limite coïncide avec la lisière d’une zone à pénalité sur le côté d’un trou de telle sorte que si la balle franchit en dernier la zone à pénalité du côté de la limite, le joueur risquerait de ne pas avoir d’option réalisable de dégagement autre que de jouer de nouveau selon coup et distance.» Lorsque la configuration de la zone à pénalité est telle qu’il pourrait y avoir un doute sur l’endroit où la balle a franchi en dernier la lisière de la zone à pénalité et que le fait de savoir quel est le côté de la zone à pénalité franchi en dernier par la balle, a un impact considérable sur l’endroit d’où se dégager. Ceci s’applique si une zone à pénalité relativement étroite est bordée de buissons ou de rough épais sur un côté et de fairway sur l’autre.•	Il est recommandé que le Comité précise la position des zones à pénalité particulières où la Règle locale s’applique, plutôt que de l’appliquer à toutes les zones à pénalité rouges du parcours. Cette Règle locale ne devrait pas être utilisée pour permettre à un joueur d’utiliser l’option de dégagement du côté opposé pour traverser une zone à pénalité rouge afin d’avoir une position plus favorable que celle qu’il pourrait obtenir si seul le dégagement latéral normal selon la Règle 17.1 d était possible et utilisé.•	Il peut être aussi utile de marquer les zones à pénalité où cette option est disponible de manière particulière, par exemple en utilisant des couleurs différentes sur le haut des piquets où cette option supplémentaire est disponible, et ceci devrait être indiqué dans la Règle locale.•	Plutôt que d’utiliser cette Règle locale, le Comité peut décider de mettre en place une ou plusieurs dropping zones (voir Règle locale type E-l).',2);
insert into PUBLIC.SOUS_CATEGORIE (ID, TITLE,NUMORDRE, OBJET,CATEGORIE_ID) VALUES ( 8, 'Balle provisoire pour une balle dans une zone à pénalité',3,'Selon la Règle 18.3, un joueur n’est pas autorisé à jouer provisoirement une balle si on est sûr ou quasiment certain que sa balle est dans une zone à pénalité.Cependant, dans des cas particuliers, la dimension, la configuration ou la localisation d’une zone à pénalité peut être telle que :•	Le joueur ne peut pas voir si la balle est dans la zone à pénalité,•	Cela retarderait le jeu de manière déraisonnable si le joueur devait aller vers l’avant pour chercher la balle avant de revenir jouer une autre balle selon la pénalité de coup et distance, et•	Si la balle d’origine n’est pas trouvée, il serait sûr ou quasiment certain que la balle est dans la zone à pénalité.Dans de telles situations, pour gagner du temps, un Comité peut choisir de modifier la Règle 18.3 :•	La Règle 18.3a est modifiée pour permettre au joueur de jouer provisoirement une balle selon la Règle 17.1 d( I ), la Règle 17.1 d(2) ou, pour une zone à pénalité rouge, la Règle 17. Id(3).•	Les Règles 18.3b et 18.3c sont modifiées pour indiquer quand une telle balle provisoire doit ou peut être jouée ou abandonnée, comme indiqué dans le Règle locale type.',2);
insert into PUBLIC.SOUS_CATEGORIE (ID, TITLE,NUMORDRE, OBJET,CATEGORIE_ID) VALUES ( 9, 'Définir un cours d’eau à l’air libre comme partie de la zone générale',4,'Si un cours d’eau à l’air libre ne contient habituellement pas d’eau (comme un fossé de drainage ou une zone de ruissellement qui est sèche, excepté pendant une période pluvieuse), le Comité peut définir cette zone comme partie de la zone générale.Le Comité peut aussi choisir de marquer un tel cours d’eau à l’air libre comme une zone à pénalité pendant les périodes de l’année où il contient de l’eau, ou le laisser comme partie de la zone générale, auquel cas, toute eau qu’il collecte devrait être considérée comme de l’eau temporaire. Cependant, les zones qui devraient habituellement contenir de l’eau devraient être marquées comme des zones à pénalité rouge toute l’année.Voir la Règle locale type F-20 pour les situations où le cours d’eau à l’air libre peut faire partie d’une condition anormale du parcours.',2);
insert into PUBLIC.SOUS_CATEGORIE (ID, TITLE,NUMORDRE, OBJET,CATEGORIE_ID) VALUES ( 10, 'Dégagement spécifique quand une zone à pénalité est proche d’un bunker',5,'Il peut y avoir des trous particuliers où une partie de la lisière d’une zone à pénalité rouge est si près d’un bunker qu’un joueur prenant un dégagement latéral selon la Règle 17.1 d(3), sera obligé de dropper une balle dans le bunker Dans ce cas, un Comité peut choisir de créer une option supplémentaire de dégagement autorisant le joueur, avec une pénalité d’un coup, à se dégager dans une dropping zone positionnée sur le côté fairway du bunker',2);

insert into PUBLIC.SOUS_CATEGORIE (ID, TITLE,NUMORDRE, OBJET,CATEGORIE_ID) VALUES ( 11, 'Préciser la lisière d’un bunker',1,'Quand il peut être difficile de déterminer la lisière d’un bunker à cause de l’usure ou quand les bunkers se confondent avec des zones de sable qui sont dans la zone générale, le Comité peut avoir besoin de définir la lisière du bunker.Aucune Règle locale type n’est incluse dans cette section vu la variété d’options possibles, mais certains exemples sont fournis ci-dessous :',3);
insert into PUBLIC.SOUS_CATEGORIE (ID, TITLE,NUMORDRE, OBJET,CATEGORIE_ID) VALUES ( 12, 'Changer le statut des zones de sable',2,'La définition d’un « bunker » précise qu’un bunker est une zone de sable « spécialement préparée ». Cependant, si un Comité veut définir une zone de sable préparée comme faisant partie de la zone générale ou définir une zone de sable non préparée comme bunker, il peut le faire avec une Règle locale.',3);
insert into PUBLIC.SOUS_CATEGORIE (ID, TITLE,NUMORDRE, OBJET,CATEGORIE_ID) VALUES ( 13, 'Préciser le statut d’un matériau similaire au sable',3,'Les bunkers d’un parcours contiennent parfois des matériaux similaires au sable, comme des coquillages broyés ou de la poudre de lave. De tels matériaux sont considérés comme du sable quand on applique la Règle 12. (Voir la définition d’un « bunker »).Pour une question de cohérence, le Comité peut aussi choisir de traiter de tels matériaux comme du sable partout ailleurs sur le parcours.',3);
insert into PUBLIC.SOUS_CATEGORIE (ID, TITLE,NUMORDRE, OBJET,CATEGORIE_ID) VALUES ( 14, 'Déclarer des bunkers d’entraînement comme faisant partie de la zone générale',4,'Quand un parcours a des bunkers à l’intérieur des limites du parcours, qui sont utilisés pour l’entraînement, ils ne perdent pas leur statut de bunker par défaut. Cependant, les conditions des bunkers d’entraînement peuvent être très mauvaises car, très souvent, les joueurs ne les ratissent pas. Si le Comité veut accorder un dégagement aux joueurs, le bunker devrait être déclaré terrain en réparation et faisant partie de la zone générale, ce qui permet aux joueurs de se dégager gratuitement à l’extérieur du bunker.',3);

insert into PUBLIC.SOUS_CATEGORIE (ID, TITLE,NUMORDRE, OBJET,CATEGORIE_ID) VALUES ( 15, 'Préciser la lisière d’un green',1,'Sur certains parcours, les zones autour des greens sont entretenues de telle manière qu’il peut être difficile pour un joueur de déterminer si sa balle est sur le green. Dans ces cas, le Comité peut choisir de marquer les lisières des greens avec des points de peinture.',4);
insert into PUBLIC.SOUS_CATEGORIE (ID, TITLE,NUMORDRE, OBJET,CATEGORIE_ID) VALUES ( 16, 'Statut d’un green quand un green temporaire est utilisé',2,'II peut arriver qu’un green ne puisse pas être utilisé pour différentes raisons, par exemple à cause du mauvais temps, ou pour des raisons relatives à la réparation ou à la maintenance. Dans ce cas, le Comité peut vouloir préparer un green temporaire et mettre en place une Règle locale pour définir celui-ci comme le green en jeu pour ce trou. Le green qui a été remplacé par un green temporaire devrait être défini comme un mauvais green pour que les joueurs ne soient pas autorisés à jouer dessus.',4);
insert into PUBLIC.SOUS_CATEGORIE (ID, TITLE,NUMORDRE, OBJET,CATEGORIE_ID) VALUES ( 17, 'Interdiction de dégagement d’un mauvais green quand seule existe une interférence pour le stance',3,'II peut y avoir des situations où le Comité veut refuser à un joueur le dégagement d’un mauvais green quand la seule interférence est celle avec le stance du joueur, par exemple :•	Il y a un rough épais près de quelques greens et le Comité estime qu’il serait inéquitable d’exiger d’un joueur qu’il se dégage dans de telles zones, ou•	Un vaste green est utilisé comme green pour deux trous différents, mais le Comité décide de diviser le green. Il peut aussi choisir de ne pas exiger d’un joueur dont la balle est sur le green du trou en train d’être joué de se dégager quand son stance est sur l’autre green.',4);
insert into PUBLIC.SOUS_CATEGORIE (ID, TITLE,NUMORDRE, OBJET,CATEGORIE_ID) VALUES ( 18, 'Interdire le jeu depuis le collier d’un mauvais green',4,'Si les balles jouées sur un trou particulier viennent souvent reposer sur le green d’un trou proche :•	Le point le plus proche de dégagement complet en se dégageant de ce mauvais green selon la Règle I 3.1 f sera habituellement sur le fairway proche de ce green, et•	Il en résulte que le collier ou le bord du green peut être endommagé.Pour prévenir un tel dommage, le Comité peut choisir d’exiger des joueurs de se dégager selon la Règle I 3.If en prenant comme référence un point le plus proche de dégagement complet modifié, qui évite l’interférence avec à la fois le mauvais green, et le collier ou le bord du green, ou en utilisant une dropping zone (voir Règle locale type B-2).',4);
insert into PUBLIC.SOUS_CATEGORIE (ID, TITLE,NUMORDRE, OBJET,CATEGORIE_ID) VALUES ( 19, 'Statut d’un green d’entraînement ou d’un green temporaire',5,'Les mauvais greens incluent les greens d’entraînement pour le putting ou les approches, mais le Comité peut choisir de permettre le jeu sur ceux-ci par une Règle locale (cela signifie qu’un joueur dont la balle repose sur un tel green doit jouer dessus). Un green temporaire pour un trou fait typiquement partie de la zone générale quand il n’est pas utilisé, mais le Comité peut vouloir préciser son statut ou le déclarer être un mauvais green. Le Comité peut aussi définir un green d’entraînement ou un green temporaire comme terrain en réparation, ce qui permettrait à un joueur de se dégager sans pénalité selon la Règle 16.1 b.',4);
insert into PUBLIC.SOUS_CATEGORIE (ID, TITLE,NUMORDRE, OBJET,CATEGORIE_ID) VALUES ( 20, 'Diviser un double green en deux greens séparés',6,'Quand un parcours a un green qui sert de green pour deux trous, le Comité peut vouloir diviser le green en deux greens séparés au moyen d’une Règle locale. Ceci exigerait d’un joueur qui est sur la mauvaise portion du green de se dégager selon la Règle I 3. If. La méthode pour définir la séparation devrait être spécifiée. Cette Règle locale peut être utilisée en accord avec la Règle locale type D-3 pour les cas où la balle d’un joueur est sur la portion correcte du green mais où son stance est sur l’autre portion du green.',4);

insert into PUBLIC.SOUS_CATEGORIE (ID, TITLE,NUMORDRE, OBJET,CATEGORIE_ID) VALUES ( 21, 'Dropping zones',1,'Une dropping zone est une forme spéciale de zone de dégagement que peut adopter le Comité. En se dégageant dans une dropping zone, le joueur doit dropper la balle dans celle-ci et la balle doit reposer dans la dropping zone.Des dropping zones devraient être envisagées quand il pourrait y avoir des problèmes pratiques lorsque les joueurs doivent utiliser les options normales de dégagement selon une Règle par exemple :•	Règle I 3 If - Mauvais green.•	Règle 16.1 - Conditions anormales du parcours (y compris les obstructions inamovibles).•	Règle I 6.2 - Situation dangereuse due à un animal.•	Règle I 7 - Zones à pénalité.•	Règle I 9 - Balle injouable.•	Règle locale type E-5 - Alternative à coup et distance pour une balle perdue ou hors limites, ou F-23 - Obstructions inamovibles temporaires.Les points suivants s’appliquent quand on droppe une balle dans une dropping zone :•	Le joueur n’a pas à se tenir dans la dropping zone quand il droppe la balle.•	Quand un joueur utilise une dropping zone, la zone de dégagement est définie par cette dropping zone et la balle doit être droppée à l’intérieur et y reposer (voir Règle 14.3).•	Si la dropping zone est définie par une ligne au sol, la ligne est à l’intérieur de la dropping zone.Voir Section 21 pour des informations supplémentaires concernant les dropping ',5);
insert into PUBLIC.SOUS_CATEGORIE (ID, TITLE,NUMORDRE, OBJET,CATEGORIE_ID) VALUES ( 22, 'Nettoyer la balle',2,'Quand les conditions, comme un sol humide partout sur le parcours, peuvent faire que de la boue colle à la balle, le Comité peut choisir de permettre au joueur de relever la balle, la nettoyer et la replacer dans la zone générale. Un tel dégagement devrait être limité aux portions de parcours qui le nécessitent vraiment.Bien que la Règle Locale pour placer la balle (Règle locale type E-3) soit prévue pour être utilisée uniquement sur les zones tondues à hauteur de fairway ou moins dans la zone générale, cette Règle Locale peut être utilisée sur l’ensemble de la zone générale ou restreinte à des zones spécifiques. Le Comité pourrait choisir d’utiliser les deux Règles locales permettant de placer la balle sur les fairways et de nettoyer la balle partout sur la zone générale.Il n’est pas recommandé de mettre en place cette Règle locale une fois que le jeu a commencé pour un tour de stroke play. Faire cela donnerait aux joueurs qui ont davantage de trous à jouer, l’avantage de l’utiliser pour une plus longue période de temps. La Règle locale pourrait être mise en place après qu’un match a commencé, entre le jeu de deux trous puisque les adversaires en tirent un bénéfice identique.Pour savoir quand et comment cette Règle locale peut être appliquée dans le cas où les scores sont utilisés pour la gestion des handicaps (par exemple, si elle doit être limitée au fairway uniquement), consulter les Règles et recommandations contenues dans le Système de Handicapping de la juridiction locale.',5);
insert into PUBLIC.SOUS_CATEGORIE (ID, TITLE,NUMORDRE, OBJET,CATEGORIE_ID) VALUES ( 23, 'Placer la balle',3,'Quand des conditions locales occasionnellement anormales peuvent interférer avec un jeu équitable, les parties concernées du parcours peuvent être définies comme terrain en réparation. Mais des conditions préjudiciables comme de fortes chutes de neige, un dégel printanier, des pluies prolongées ou une extrême chaleur peuvent parfois endommager le parcours ou empêcher l’utilisation d’équipements lourds de tonte.Quand de telles conditions sont générales sur le parcours, le Comité peut choisir d’adopter une Règle locale pour « placer la balle » (également connue sous le terme de « Règles d’hiver ») pour permettre un jeu équitable ou aider à la protection du fairway. Une telle Règle locale devrait être supprimée dès que les conditions le permettent.L’utilisation de cette Règle locale en dehors du fairway dans la zone générale n’est pas recommandée et peut aboutir à ce qu’un joueur obtienne un dégagement gratuit de zones où une balle aurait été injouable autrement (comme dans des zones de buissons ou d’arbres).Il n’est pas autorisé de mettre en place cette Règle locale une fois que le jeu a commencé pour un tour de stroke play. Faire cela donnerait aux joueurs qui ont davantage de trous à jouer, l’avantage de l’utiliser pour une plus longue période de temps. La Règle locale pourrait être mise en place après qu’un match a commencé, entre le jeu de deux trous puisque que les adversaires en tirent un bénéfice identique.Pour des directives sur le fait de quand et comment cette Règle Locale peut être appliquée dans le cas où les scores sont utilisés pour la gestion des handicaps (par exemple, si elle doit être limitée au fairway uniquement), consulter les Règles et recommandations contenues dans le Système de Handicapping de la juridiction locale.',5);
insert into PUBLIC.SOUS_CATEGORIE (ID, TITLE,NUMORDRE, OBJET,CATEGORIE_ID) VALUES ( 24, 'Dégagement des trous d’aération',4,'Les trous d’aération ne rentrent pas dans la description des trous faits par l’équipe de maintenance. C’est pourquoi les joueurs ne sont pas autorisés à les réparer sur le green (voir Règle I 3.1 c) ou à s’en dégager gratuitement dans la zone générale, mais de tels trous peuvent interférer avec des conditions convenables de jeu. Si le Comité déclare les trous d’aération comme étant des terrains en réparation, un joueur peut trouver impraticable ou impossible d’obtenir un dégagement complet.C’est pourquoi,quand des trous d’aération récents peuvent interférer de façon significative avec le lie de la balle ou la zone intentionnelle de swing, le Comité peut choisir d’accorder un dégagement comme il le ferait avec un terrain en réparation, mais en excluant le dégagement pour une interférence avec le stance du joueur. Cette Règle locale devrait être supprimée quand les trous d’aération ont suffisamment cicatrisé pour ne plus constituer une interférence significative.',5);
insert into PUBLIC.SOUS_CATEGORIE (ID, TITLE,NUMORDRE, OBJET,CATEGORIE_ID) VALUES ( 25, 'Alternative à coup et distance pour une balle perdue ou hors limites',5,'Quand une balle provisoire n’a pas été jouée, un problème important de cadence de jeu peut en résulter pour un joueur devant prendre un dégagement coup et distance pour une balle qui est hors limites ou ne peut pas être trouvée. L’objectif de cette Règle locale est de permettre à un Comité de donner une option supplémentaire de dégagement qui permet au joueur de continuer le jeu sans retourner à l’emplacement du coup précédent.La Règle locale est appropriée pour le jeu en général où des golfeurs jouent des tours informels ou leurs propres compétitions. La Règle locale n’est pas appropriée pour les compétitions réservées aux joueurs de haut niveau (comme les compétitions professionnelles et les compétitions de l’élite amateur). Pour savoir quand et comment cette Règle locale peut être appliquée dans le cas où les scores sont utilisés pour la gestion des handicaps, consulter les Règles et recommandations contenues dans le Système de Handicapping de la juridiction locale.Lorsqu’un Comité a mis en place une telle Règle locale pour le jeu en général, et la supprime pour les compétitions, il devrait s’assurer que tous les joueurs en sont informés avant le début du jeu.Un Comité peut mettre en place une telle Règle locale pour tout le parcours, ou uniquement pour un ou deux trous spécifiques où cela peut être particulièrement utile (par exemple, lorsque les joueurs ne peuvent pas voir la zone de retombée et en conséquence, ne peuvent pas savoir s’il convient,ou non, de jouer une balle provisoire). Cette option autorise le joueur à dropper dans une large zone entre le point où la balle est estimée être venue reposer ou sortie hors limites, et la bordure du fairway du trou en train d’être joué, zone qui n’est pas plus près du trou.Le joueur encourt deux coups de pénalité quand il utilise cette option de dégagement. Cela signifie que le dégagement est comparable à celui qui aurait été obtenu si le joueur s’était dégagé selon coup et distance.Cette Règle locale ne peut pas être utilisée pour une balle injouable,ou pour une balle dont on est sûr ou quasiment certain qu’elle est dans une zone à pénalité.Si une balle provisoire est jouée et que ni la balle d’origine, ni la balle provisoire n’est trouvée, alors la Règle locale peut être appliquée pour la balle provisoire qui n’a pas été trouvée.',5);
insert into PUBLIC.SOUS_CATEGORIE (ID, TITLE,NUMORDRE, OBJET,CATEGORIE_ID) VALUES ( 26, 'Dégagement d’une clôture de protection sur la ligne de jeu',6,'Une clôture (ou un écran de protection similaire) est quelques fois utilisée sur un trou pour protéger les joueurs des coups joués sur un autre trou.Si une telle clôture est proche de la zone de jeu pour un autre trou, le Comité peut choisir d’utiliser des dropping zones pour donner au joueur une option supplémentaire de dégagement sans pénalité quand il joue cet autre trou et que la clôture est sur sa ligne de jeu.Le joueur devrait être autorisé à se dégager seulement quand sa balle est plus près du trou que la dropping zone, de telle sorte qu’un joueur dont la balle est très éloignée de la clôture ne soit pas autorisé à aller vers l’avant dans la dropping zone. Le Comité devrait prendre ceci en considération en positionnant la dropping zone pour s’assurer que ce dégagement ne sera possible que dans les situations où il pense qu’un tel dégagement gratuit est justifié.',5);
insert into PUBLIC.SOUS_CATEGORIE (ID, TITLE,NUMORDRE, OBJET,CATEGORIE_ID) VALUES ( 27, 'Dégagement d’une clôture de limite électrifiée',7,'Lorsqu’une clôture électrifiée est utilisée comme clôture de limite, une Règle locale accordant un dégagement gratuit pour une balle reposant à l’intérieur d’une certaine distance (par exemple, deux longueurs de club) de la clôture de limite est autorisée. Dans ces circonstances, pour assurer la sécurité du joueur, celui-ci peut mesurer les deux longueurs de club par rapport à la clôture et ajouter un club supplémentaire dans lequel dropper la balle pas plus près du trou que là où reposait la balle à l’origine.Il n’est pas autorisé par ailleurs de mettre en place une Règle locale accordant un dégagement gratuit d’une clôture de limite, même si le Comité a des raisons de le faire pour protéger une clôture de tout dommage.',5);
insert into PUBLIC.SOUS_CATEGORIE (ID, TITLE,NUMORDRE, OBJET,CATEGORIE_ID) VALUES ( 28, 'Définir des zones de jeu interdit',8,'II peut y avoir certaines parties du parcours d’où le Comité veut interdire le jeu, auquel cas, chaque zone doit être considérée soit comme une condition anormale du parcours, soit comme une zone à pénalité.Le Comité peut utiliser des zones de jeu interdit pour différentes raisons, par ex. :•	Pour protéger la faune sauvage, les habitats des animaux et les zones écologiquement sensibles.•	Pour prévenir les dommages aux jeunes arbres, parterres de fleurs, gazonnières, zones ressemées ou autres zones plantées.•	Pour protéger les joueurs d’un danger.•	Pour préserver des sites d’intérêt historique ou culturel.Voir Sections 2G et 5B(5) pour plus d’informations sur les zones de jeu interdit et comment les marquer distinctement.',5);
insert into PUBLIC.SOUS_CATEGORIE (ID, TITLE,NUMORDRE, OBJET,CATEGORIE_ID) VALUES ( 29, 'Définir une zone de hors limites comme zone de jeu interdit ',9,'Bien qu’un joueur ne puisse pas jouer une balle depuis un hors limites, il peut y avoir des zones qui sont hors limites et que le Comité peut vouloir désigner comme des zones de jeu interdit, par exemple, pour empêcher les joueurs d’abîmer tout ce qui pousse dans cette zone quand elle interfère avec le jeu d’une balle sur le parcours. Dans ce cas, un joueur doit se dégager gratuitement si sa balle est sur le parcours mais que sa zone de stance intentionnel est dans la zone de jeu interdit qui est hors limites, ou si son swing touche quelque chose dans la zone de jeu interdit.',5);
insert into PUBLIC.SOUS_CATEGORIE (ID, TITLE,NUMORDRE, OBJET,CATEGORIE_ID) VALUES ( 30, 'Protection des jeunes arbres',10,'. Pour prévenir les dommages aux jeunes arbres quand un joueur joue un coup, un Comité peut choisir de les désigner comme une zone de jeu interdit de sorte que :•	Si un joueur a n’importe quel type d’interférence comme défini par la Règle 16.1 avec un tel arbre désigné comme une zone de jeu interdit, il doit se dégager selon la Règle 16.If.•	Si la balle d’un joueur repose dans une zone à pénalité, il doit, soit se dégager gratuitement selon la Règle locale à l’intérieur de la zone à pénalité, soit procéder avec pénalité selon la Règle 17.1.De tels arbres devraient être identifiés par des piquets, des rubans ou de toute autre manière claire.Quand l’arbre a grandi et ne nécessite plus de protection, le Comité devrait supprimer la Règle Locale et/ou enlever le piquet ou le ruban de l’arbre.',5);
insert into PUBLIC.SOUS_CATEGORIE (ID, TITLE,NUMORDRE, OBJET,CATEGORIE_ID) VALUES ( 31, 'Balle déviée par une ligne électrique ',11,'Si une ligne électrique permanente aérienne peut interférer avec le jeu raisonnable d’un trou, un Comité peut exiger que si une balle heurte la ligne électrique (ainsi que les tours, les câbles de support ou les poteaux supportant la ligne électrique), le coup ne compte pas et que le joueur doive rejouer le coup. Cette Règle locale ne devrait généralement pas être utilisée pour les lignes électriques qui n’interfèrent pas avec le jeu d’un trou ou sont hors limites.Une Règle locale qui donne à un joueur l’option de rejouer ou non le coup pour une balle qui heurte une ligne électrique ne devrait pas être mise en place.',5);

insert into PUBLIC.SOUS_CATEGORIE (ID, TITLE,NUMORDRE, OBJET,CATEGORIE_ID) VALUES ( 32, 'Définir les conditions anormales du parcours et les éléments partie intégrante',1,'Un Comité a de nombreuses possibilités pour définir les conditions anormales du parcours et les éléments partie intégrante sur le parcours et donc il n’est pas approprié ou possible de fournir une liste complète de Règles locales types qui peuvent être utilisées à ces fins.La clé est d’être clair et précis lors de la définition de conditions anormales du parcours et éléments partie intégrante dans les Règles locales.Le Comité a la possibilité d’adopter des Règles locales pour les sujets suivants sans qu’il soit nécessaire qu’elles correspondent aux Règles locales types détaillées dans la Section 2 :•	Préciser le statut des objets pouvant être des obstructions.•	Déclarer tout objet artificiel comme étant un élément partie intégrante (et non une obstruction).•	Déclarer les surfaces artificielles et les bords des routes comme des éléments partie intégrante.•	Déclarer les routes et les chemins qui n’ont pas de surfaces et bordures artificielles comme des obstructions s’ils peuvent affecter injustement le jeu.•	Définir des obstructions temporaires sur le parcours ou à côté du parcours comme amovibles, inamovibles ou obstructions inamovibles temporaires.Aucune Règle locale type spécifique n’est incluse dans cette section compte tenu de la variété d’options possibles, mais quelques exemples sont présentés ci-dessous :',6);
insert into PUBLIC.SOUS_CATEGORIE (ID, TITLE,NUMORDRE, OBJET,CATEGORIE_ID) VALUES ( 33, 'Dégagement limité pour balle enfoncée',2,'La Règle 16.3 permet normalement le dégagement quand une balle est enfoncée n’importe où dans la zone générale (sauf dans le sable dans les zones qui ne sont pas tondues à hauteur de fairway ou moins).Mais un Comité peut choisir de :•	Ne permettre le dégagement que lorsqu’une balle est enfoncée dans une partie de la zone générale tondue à hauteur de fairway ou moins.•	Ne pas permettre le dégagement gratuit d’une balle enfoncée dans le mur ou la lèvre d’un bunker (par exemple, une face en gazon empilé ou en terre).',6);
insert into PUBLIC.SOUS_CATEGORIE (ID, TITLE,NUMORDRE, OBJET,CATEGORIE_ID) VALUES ( 34, 'Terrain en réparation considéré comme faisant partie d’une obstruction voisine',3,'Un terrain en réparation peut être situé juste à côté d’une obstruction inamovible. Par exemple,quand un parterre de fleurs que le Comité a déclaré comme terrain en réparation est entouré d’un chemin de voiturettes avec une surface artificielle, ou lorsque le trafic des voiturettes provoque des dommages à côté du chemin de voiturettes.Cela peut conduire à des situations de dégagement compliquées. Après avoir pris un dégagement d’une situation, un joueur peut trouver qu’il y a maintenant interférence avec l’autre situation, et après s’être dégagé de cette autre situation, le joueur peut constater que la première situation interfère à nouveau.Pour permettre au joueur de se dégager en une seule étape, le Comité peut choisir de considérer les deux situations comme une seule condition anormale du parcours. Quand cela est adopté, les zones de terrain en réparation devraient être reliées à l’obstruction inamovible par des lignes blanches ou devraient être définies d’une autre manière claire.Cette Règle locale type donne des exemples de la façon d’aborder les situations de ce type :',6);
insert into PUBLIC.SOUS_CATEGORIE (ID, TITLE,NUMORDRE, OBJET,CATEGORIE_ID) VALUES ( 35, 'Dommages importants causés par de fortes pluies et la circulation',4,'Quand de fortes pluies ont causé de nombreux dommages inhabituels au parcours (tels que des ornières profondes causées par des véhicules ou des empreintes profondes causées par les spectateurs), et qu’il n’est pas possible de les définir avec des piquets ou des lignes, le Comité a le droit de déclarer que de tels dommages inhabituels sont des terrains en réparation.',6);
insert into PUBLIC.SOUS_CATEGORIE (ID, TITLE,NUMORDRE, OBJET,CATEGORIE_ID) VALUES ( 36, 'Obstructions inamovibles près des greens',5,'Quand une balle repose ailleurs que sur le green, une obstruction inamovible sur la ligne de jeu du joueur n’est pas, en soi, une interférence selon la Règle 16.1. Un dégagement gratuit n’est normalement pas autorisé.Mais si les colliers ou bords des greens sont tondus suffisamment ras et que putter en dehors du green est susceptible d’être couramment un choix de coup, les obstructions inamovibles proches du green peuvent interférer avec de tels coups.Dans ce cas, le Comité peut choisir d’accorder une option de dégagement supplémentaire selon la Règle 16.1 quand la balle d’un joueur repose dans la zone générale ou sur le green et qu’une obstruction inamovible près du green est sur la ligne de jeu du joueur.Le Comité peut limiter ce dégagement à certaines situations, par exemple seulement pour certains trous ou obstructions particulières, ou seulement lorsque la balle et l’obstruction sont dans une partie de la zone générale tondue à hauteur de fairway ou moins.',6);
insert into PUBLIC.SOUS_CATEGORIE (ID, TITLE,NUMORDRE, OBJET,CATEGORIE_ID) VALUES ( 37, 'Interdire le dégagement d’une condition anormale du parcours quand seule l’interférence avec le stance existe',6,'Un Comité peut souhaiter refuser le dégagement d’une interférence pour le stance du joueur dans certaines situations telles que des trous d’animaux, étant donné qu’une interférence pour le stance n’affecte pas de manière significative le coup ou si le dégagement de l’interférence pour le stance pourrait entraîner des dégagements successifs pour des situations similaires à proximité.',6);
insert into PUBLIC.SOUS_CATEGORIE (ID, TITLE,NUMORDRE, OBJET,CATEGORIE_ID) VALUES ( 38, 'Dégagement des joints entre les plaques de gazon',7,'Une partie du parcours qui a été réparée avec des plaques de gazon est souvent marquée comme terrain en réparation jusqu’à ce qu’elle soit assez stable pour jouer.Mais lorsque la plaque de gazon elle-même n’a plus besoin d’être marquée comme terrain en réparation, le Comité peut toujours choisir de permettre un dégagement lorsque :•	Une balle se trouve sur l’un des joints entre les plaques de gazon.•	Un joint interfère avec la zone du swing intentionnel du joueur.Lorsque de tels joints interfèrent seulement avec le stance du joueur, il n’y a pas nécessité d’accorder un dégagement.',6);
insert into PUBLIC.SOUS_CATEGORIE (ID, TITLE,NUMORDRE, OBJET,CATEGORIE_ID) VALUES ( 39, 'Dégagement des crevasses dans le sol',8,'Lors de conditions météorologiques chaudes et sèches, les fairways d’un parcours peuvent souffrir d’apparition de crevasses dans le sol. Le lie d’une balle pourrait être sérieusement affecté si elle reposait sur une telle crevasse, mais le stance d’un joueur peut ne pas être gêné par la situation, auquel cas une Règle locale donnantun dégagement uniquement pour le lie de balle et la zone de swing intentionnel est recommandée.',6);
insert into PUBLIC.SOUS_CATEGORIE (ID, TITLE,NUMORDRE, OBJET,CATEGORIE_ID) VALUES ( 40, 'Dégagement des racines d’arbres sur le fairway',9,'Dans la situation inhabituelle où des racines d’arbres apparentes se trouvent sur le fairway, il peut être injuste de ne pas permettre au joueur de se dégager des racines. Le Comité peut choisir de considérer de telles racines sur le fairway comme terrain en réparation à partir duquel un dégagement gratuit est autorisé selon la Règle 16.1b.Dans certaines circonstances où les racines d’arbres apparentes sont également à proximité du fairway, le Comité peut également choisir de traiter les racines d’arbres à une distance spécifiée du bord du fairway, (par exemple quatre longueurs de club ou dans la première tonte de rough) comme terrain en réparation à partir duquel un dégagement gratuit est autorisé selon la Règle 16.1 b.Ce faisant, le Comité peut choisir de limiter l’interférence au lie de la balle et à la zone du swing intentionnel.',6);
insert into PUBLIC.SOUS_CATEGORIE (ID, TITLE,NUMORDRE, OBJET,CATEGORIE_ID) VALUES ( 41, 'Dommages causés par des animaux',10,'Il peut arriver que les animaux causent des dommages au parcours sur des zones tellement étendues qu’il n’est pas réaliste de marquer toutes les zones endommagées comme terrain en réparation. En outre, certains types de dommages causés par les animaux peuvent ne pas être couverts par la Règle 16.1.Ces Règles locales types montrent comment le Comité peut choisir d’aborder ces problèmes.Si des animaux, y compris des insectes, endommagent un parcours, le Comité peut choisir de traiter de tels dommages comme terrain en réparation à partir duquel le dégagement est autorisé selon la Règle 16.1. Ceci est faisable en définissant les zones ou les situations plutôt que d’essayer de marquer toutes les zones de dommages.Un Comité peut choisir de limiter le dégagement uniquement aux dommages qui interfèrent avec le lie de la balle ou la zone de swing intentionnel.',6);
insert into PUBLIC.SOUS_CATEGORIE (ID, TITLE,NUMORDRE, OBJET,CATEGORIE_ID) VALUES ( 42, 'Les fourmilières',11,'Les fourmilières sont des détritus et peuvent être enlevées selon la Règle 15.1. Ce ne sont pas des trous d’animaux à partir desquels un dégagement gratuit est autorisé selon la Règle 16.1.Mais il y a des situations où les fourmilières sont difficiles ou impossibles à enlever (par exemple quand elles sont grandes, dures ou de forme conique). Dans ce cas, le Comité peut adopter une Règle locale donnant au joueur une option pour traiter les fourmilières comme terrain en réparation.Il n’est pas nécessaire d’adopter une telle Règle locale pour les fourmis de feu car les fourmis de feu sont considérées comme une situation dangereuse due à un animal et un dégagement gratuit est possible selon la Règle 16.2.',6);
insert into PUBLIC.SOUS_CATEGORIE (ID, TITLE,NUMORDRE, OBJET,CATEGORIE_ID) VALUES ( 43, 'Excréments d’animaux',12,'Les excréments d’un oiseau ou d’un autre animal sont des détritus qui peuvent être enlevés selon de la Règle 15.1.Mais si les excréments posent un problème au niveau de l’équité, le Comité peut donner aux joueurs la possibilité de traiter les excréments comme un terrain en réparation à partir duquel le dégagement est permis selon la Règle 16.1.Si le traitement des excréments en tant que terrain en réparation ne donne pas nécessairement un dégagement complet quand une balle est sur le green, le Comité peut également permettre aux joueurs d’utiliser un fouet ou une baguette pour les greens ou un équipement similaire d’entretien pour retirer les excréments de la ligne de jeu sans pénalité, même si cette action améliore la ligne de jeu ou d’autres conditions affectant le coup.',6);
insert into PUBLIC.SOUS_CATEGORIE (ID, TITLE,NUMORDRE, OBJET,CATEGORIE_ID) VALUES ( 44, 'Dégâts causés par les sabots d’animaux',13,'Les sabots d’animaux tels que les cerfs ou les élans peuvent causer des dégâts sur le parcours. Un Comité peut souhaiter permettre aux joueurs de se dégager de cette situation comme d’un terrain en réparation sans avoir à marquer toutes ces zones.Les dommages causés par les animaux pouvant être réparés sur le green, le Comité peut déclarer ces dommages comme étant un terrain en réparation ou autoriser les joueurs à les réparer.',6);
insert into PUBLIC.SOUS_CATEGORIE (ID, TITLE,NUMORDRE, OBJET,CATEGORIE_ID) VALUES ( 45, 'Dégâts causés par les sabots d’animaux',14,'',6);





insert into PUBLIC.REGLE (ID,NUMORDRE, TITLE, SOUSCATEGORIE_ID,CORPUS) VALUES ( 1, 1, '',1,'Le     hors limites est défini par la ligne entre les points au niveau du sol côté parcours des piquets blancs ou des poteaux de clôture. Le hors limites est aussi défini par [insérer la description d’autres méthodes pour définir un hors limites]' );
insert into PUBLIC.REGLE (ID,NUMORDRE, TITLE, SOUSCATEGORIE_ID,CORPUS) VALUES ( 2, 2, '',1,'Les limites du [spécifier le numéro du trou] sont définies par [insérer la description de l’élément].' );
insert into PUBLIC.REGLE (ID,NUMORDRE, TITLE, SOUSCATEGORIE_ID,CORPUS) VALUES ( 3, 3, '',1,'La limite à gauche du [spécifier le numéro du trou] est définie par le bord, côté parcours, des points peints en blanc sur [spécifier la localisation, comme la chaussée].' );
insert into PUBLIC.REGLE (ID,NUMORDRE, TITLE, SOUSCATEGORIE_ID,CORPUS) VALUES ( 4, 4, '',1,'La limite à droite du [spécifier le numéro du trou] est définie par le bord, côté parcours, de la ligne blanche peinte sur [nom de la route].' );
insert into PUBLIC.REGLE (ID,NUMORDRE, TITLE, SOUSCATEGORIE_ID,CORPUS) VALUES ( 5, 5, '',1,'L’aire de maintenance entre [spécifier les numéros des trous] est hors limites. La limite est définie par le bord interne des poteaux de clôture entourant la zone.' );

insert into PUBLIC.REGLE (ID,NUMORDRE, TITLE, SOUSCATEGORIE_ID,CORPUS) VALUES ( 6, 1, '',2,'« La bordure côté parcours de tout mur [bordure côté parcours d’une route] définit la limite du parcours. »' );
insert into PUBLIC.REGLE (ID,NUMORDRE, TITLE, SOUSCATEGORIE_ID,CORPUS) VALUES ( 7, 2, ' ',2,'« Une balle est hors limites quand elle est au-delà de tout mur définissant les limites du parcours. »' );

insert into PUBLIC.REGLE (ID,NUMORDRE, TITLE, SOUSCATEGORIE_ID,CORPUS) VALUES ( 8, 1, '',3,'« Une balle venant au repos sur ou au-delà de la route [identifier la route ou les trous où elle intervient dans le jeu] est hors limites, même si elle vient au repos sur une autre partie du parcours qui est en jeu pour les autres trous. »' );

insert into PUBLIC.REGLE (ID,NUMORDRE, TITLE, SOUSCATEGORIE_ID,CORPUS) VALUES ( 9, 1, '',4,'Quand les limites sont définies par des piquets :« Durant le jeu de [spécifier le numéro du trou], le [décrire la partie du parcours] sur le[spécifier la localisation ou le côté] du trou, défini par [spécifier la couleur des piquets, parexemple, piquets blancs], est hors limites.Ces piquets sont considérés comme des éléments de limite durant le jeu de [spécifier lenuméro du trou]. Pour tous les autres trous, ce sont des obstructions inamovibles. »' );

insert into PUBLIC.REGLE (ID,NUMORDRE, TITLE, SOUSCATEGORIE_ID,CORPUS) VALUES ( 10, 1, '',5,'Lorsqu''une frontière est définie par identifier la frontière, par exemple, une ligne blanche peinte au sol, des piquets blancs avec des sommets noirs ont été placés pour la visibilité. Ces enjeux décrivent tout marquage spécial sont inamovibles | obstructions mobiles. ' );


insert into PUBLIC.REGLE (ID,NUMORDRE, TITLE, SOUSCATEGORIE_ID,CORPUS) VALUES ( 11, 1, '',6,'Pour le jeu de [spécifier le numéro du trou] la zone à pénalité jaune sur [spécifier le numérod’un autre trou] doit être jouée comme une zone à pénalité rouge.' );
insert into PUBLIC.REGLE (ID,NUMORDRE, TITLE, SOUSCATEGORIE_ID,CORPUS) VALUES ( 12, 2, '',6,'La zone à pénalité sur le [spécifier le numéro du trou] s’étend jusqu’au hors limites et coïncide avec sa lisière.' );
insert into PUBLIC.REGLE (ID,NUMORDRE, TITLE, SOUSCATEGORIE_ID,CORPUS) VALUES ( 13, 3, '',6,'La zone à pénalité rouge du [spécifier le numéro du trou] définie sur un seul côté, s’étend àl’infini.' );
insert into PUBLIC.REGLE (ID,NUMORDRE, TITLE, SOUSCATEGORIE_ID,CORPUS) VALUES ( 14, 4, '',6,'Toutes les zones de désert sont des zones à pénalité rouges et la lisière de la zone à pénalité est la jonction entre le gazon et le désert.' );
insert into PUBLIC.REGLE (ID,NUMORDRE, TITLE, SOUSCATEGORIE_ID,CORPUS) VALUES ( 15, 5, '',6,'Toutes les zones de lave sont des zones à pénalité rouges' );
insert into PUBLIC.REGLE (ID,NUMORDRE, TITLE, SOUSCATEGORIE_ID,CORPUS) VALUES ( 16, 6, '',6,'Quand un mur artificiel entoure le bord d’un lac ou une autre étendue d’eau, la zone à pénalité est définie par le bord externe du mur.' );

insert into PUBLIC.REGLE (ID,NUMORDRE, TITLE, SOUSCATEGORIE_ID,CORPUS) VALUES ( 17, 1, '',7,'Quand la balle d’un joueur est dans une zone à pénalité, y compris quand on est sûr ou quasiment certain qu’elle est dans une zone à pénalité même si elle n’est pas trouvée, lejoueur peut se dégager en utilisant une des options selon la Règle 17.1 d. Ou, quand la balle a franchi en dernier la lisière de la zone à pénalité rouge sur [spécifierle numéro du trou et sa position], comme option de dégagement supplémentaire avec un coupde pénalité, le joueur peut dropper la balle d’origine ou une autre balle sur le côté opposé dela zone à pénalité' );
insert into PUBLIC.REGLE (ID,NUMORDRE, TITLE, SOUSCATEGORIE_ID,CORPUS) VALUES ( 18, 2, '',7,'Cette Règle Locale s’applique quand la balle d’un joueur est trouvée ou quand on est sûr ou quasiment certain qu’elle repose dans toute zone à pénalité rouge qui coïncide avec la limite du parcours et que le point où la balle a franchi en dernier la lisière de la zone à pénalitéest du côté de la limite du parcours de cette zone à pénalité.' );
insert into PUBLIC.REGLE (ID,NUMORDRE, TITLE, SOUSCATEGORIE_ID,CORPUS) VALUES ( 19, 3, '',7,'En jouant la balle provisoire, le joueur peut utiliser l’option de dégagement coup et distance (voir Règle 17.1 d(I ), l’option de dégagement en arrière sur la ligne (voir Règle 17.1 d(2) ou, s’il s’agit d’une zone à pénalité rouge, l’option de dégagement latéral (voir Règle 17.1 d(3)). Si une dropping zone (voir Règle locale type E-1 ) est disponible pour cette zone à pénalité, le joueur peut aussi utiliser cette option de dégagement. Lorsque le joueur a joué une balle provisoire selon cette Règle, il ne peut plus utiliser aucune option selon la Règle 17.1 en relation avec la balle d’origine.' );

insert into PUBLIC.REGLE (ID,NUMORDRE, TITLE, SOUSCATEGORIE_ID,CORPUS) VALUES ( 20, 1, '',8,'' );
insert into PUBLIC.REGLE (ID,NUMORDRE, TITLE, SOUSCATEGORIE_ID,CORPUS) VALUES ( 21, 2, '',8,'' );
insert into PUBLIC.REGLE (ID,NUMORDRE, TITLE, SOUSCATEGORIE_ID,CORPUS) VALUES ( 22, 3, '',8,'' );

insert into PUBLIC.ROLE (ID,NAME, ROLE) VALUES ( 3, 'Editeur','EDITEUR');
insert into PUBLIC.ROLE (ID,NAME, ROLE) VALUES ( 2, 'Gestionnaire','GESTIONNAIRE');
insert into PUBLIC.ROLE (ID,NAME, ROLE) VALUES ( 1, 'Admin','ADMIN');


insert into PUBLIC.USER (ID,NAME, ACTIVE, MAIL,PASSWORD,ROLE_ID) VALUES ( 1, 'R2D2', false,'rd2dDev@corus.com','$2a$10$iQoOYHKDCqa39N2fgf10j.qoGtM3pVmiGm.VkD4.PELR8FThTEhfu',3 );
insert into PUBLIC.USER (ID,NAME, ACTIVE, MAIL,PASSWORD,ROLE_ID) VALUES ( 2, 'C3PO', false,'c3poDev@corus.com','$2a$10$iQoOYHKDCqa39N2fgf10j.qoGtM3pVmiGm.VkD4.PELR8FThTEhfu',2 );
insert into PUBLIC.USER (ID,NAME, ACTIVE, MAIL,PASSWORD,ROLE_ID) VALUES ( 3, 'annakin', false,'annakinDev@corus.com','$2a$10$iQoOYHKDCqa39N2fgf10j.qoGtM3pVmiGm.VkD4.PELR8FThTEhfu',1 );





